<?xml version="1.0" encoding="UTF-8"?>
<project-private xmlns="http://www.netbeans.org/ns/project-private/1">
    <editor-bookmarks xmlns="http://www.netbeans.org/ns/editor-bookmarks/2" lastBookmarkId="0"/>
    <open-files xmlns="http://www.netbeans.org/ns/projectui-open-files/2">
        <group>
            <file>file:/C:/Users/Edgar%20Vitela/OneDrive/Documents/NetBeansProjects/Diseño%20y%20Analisis%20de%20Algoritmos/TareaFactory/src/ico/fes/factory/TestDispFactory.java</file>
            <file>file:/C:/Users/Edgar%20Vitela/OneDrive/Documents/NetBeansProjects/Diseño%20y%20Analisis%20de%20Algoritmos/TareaFactory/src/ico/fes/factory/DispositivosFactory.java</file>
            <file>file:/C:/Users/Edgar%20Vitela/OneDrive/Documents/NetBeansProjects/Diseño%20y%20Analisis%20de%20Algoritmos/TareaFactory/src/ico/fes/factory/Dispositivos.java</file>
        </group>
    </open-files>
</project-private>
